ajacks007,43412db8-efa9-4578-b816-d0c6d4dfb08a
alagaming,4b84e11c-90ff-4607-9654-bee8fb9755f8
chibitirasu,31dd5367-c926-40cd-b290-269b9e520d52
datboi69,4938676c-62e2-4c4a-8e67-b80fc54dc0b7
fluffypanda21,5ff3e176-446e-4c2c-972e-e55714e1ae48
gamer40020,48766e33-ff29-499a-bfca-c79d2c0a3922
k1ngofthew0rld,5f7b2a52-8580-4d46-8576-1bb2ab2bbaac
manlyman0990,1a42ee5f-2069-4b15-b114-c52e85295a23
margaritaguy,eb330c66-51a5-4dbb-aff6-8a14d45f48f6
nickfish011,7cf7190d-c1c5-455d-b5bc-07452669069d
pengull,20851fb1-1d47-4e6a-a3c5-3e19e2c891b4
psychopathcanaz,f065a23e-7af4-4294-ac11-581030bd643a
ricebrawl,cd7b4a02-57ed-4ab0-8a75-804813c1a3af
robotsnake,401a4095-2a16-4fc5-8980-cd755a308833
xx_gamerjerry_xx,bcb58c11-6731-495e-9d92-82ccde7cb372
